-- Extended seed data: many more nodes and types (proves table understanding, no dump)
-- Run as SYS AS SYSDBA after 02-seed-data.sql.
-- Tables: COLLECTION_ = nodes, REL_COMMON = edges (OBJECT_ID=child, FORWARD_OBJECT_ID=parent, PROJECT_ID, SEQ_NUMBER),
--         CLASS_DEFINITIONS = type names/icons, DFPROJECT = project list for launcher.

WHENEVER SQLERROR EXIT FAILURE
SET ECHO ON

-- ========== CLASS_DEFINITIONS (type hierarchy; DERIVED_FROM = parent TYPE_ID for icon inheritance) ==========
-- Base and folder types (tree script fallbacks reference these NICE_NAMEs)
INSERT INTO DESIGN1.CLASS_DEFINITIONS (TYPE_ID, NAME, NICE_NAME, DERIVED_FROM) VALUES (69, 'class ShortcutFolder', 'ShortcutFolder', 18);
INSERT INTO DESIGN1.CLASS_DEFINITIONS (TYPE_ID, NAME, NICE_NAME, DERIVED_FROM) VALUES (70, 'class Study', 'Study', 69);
INSERT INTO DESIGN1.CLASS_DEFINITIONS (TYPE_ID, NAME, NICE_NAME, DERIVED_FROM) VALUES (46, 'class PmPartLibrary', 'PartLibrary', 18);
INSERT INTO DESIGN1.CLASS_DEFINITIONS (TYPE_ID, NAME, NICE_NAME, DERIVED_FROM) VALUES (162, 'class MaterialLibrary', 'MaterialLibrary', 18);
INSERT INTO DESIGN1.CLASS_DEFINITIONS (TYPE_ID, NAME, NICE_NAME, DERIVED_FROM) VALUES (164, 'class RobcadResourceLibrary', 'RobcadResourceLibrary', 162);
INSERT INTO DESIGN1.CLASS_DEFINITIONS (TYPE_ID, NAME, NICE_NAME, DERIVED_FROM) VALUES (21, 'class CompoundPart', 'CompoundPart', 14);
INSERT INTO DESIGN1.CLASS_DEFINITIONS (TYPE_ID, NAME, NICE_NAME, DERIVED_FROM) VALUES (62, 'class Process', 'Process', 14);
INSERT INTO DESIGN1.CLASS_DEFINITIONS (TYPE_ID, NAME, NICE_NAME, DERIVED_FROM) VALUES (108, 'class LocationalStudy', 'LocationalStudy', 70);
COMMIT;

-- ========== COLLECTION_: more nodes under project 100 ==========
-- Level 1 under root 100 (after 101 Studies, 102 Resources)
INSERT INTO DESIGN1.COLLECTION_ (OBJECT_ID, CAPTION_S_, NAME_, NAME1_S_, EXTERNALID_S_, CLASS_ID, MODIFICATIONDATE_DA_)
VALUES (104, 'Part Library', 'Part_Library', 'Part Library', NULL, 46, SYSDATE);
INSERT INTO DESIGN1.COLLECTION_ (OBJECT_ID, CAPTION_S_, NAME_, NAME1_S_, EXTERNALID_S_, CLASS_ID, MODIFICATIONDATE_DA_)
VALUES (105, 'Mfg Library', 'Mfg_Library', 'Mfg Library', NULL, 18, SYSDATE);
INSERT INTO DESIGN1.COLLECTION_ (OBJECT_ID, CAPTION_S_, NAME_, NAME1_S_, EXTERNALID_S_, CLASS_ID, MODIFICATIONDATE_DA_)
VALUES (106, 'Engineering Resource Library', 'Eng_Resource_Lib', 'Engineering Resource Library', NULL, 164, SYSDATE);
INSERT INTO DESIGN1.COLLECTION_ (OBJECT_ID, CAPTION_S_, NAME_, NAME1_S_, EXTERNALID_S_, CLASS_ID, MODIFICATIONDATE_DA_)
VALUES (107, 'DES_Studies', 'DES_Studies', 'DES_Studies', NULL, 72, SYSDATE);
INSERT INTO DESIGN1.COLLECTION_ (OBJECT_ID, CAPTION_S_, NAME_, NAME1_S_, EXTERNALID_S_, CLASS_ID, MODIFICATIONDATE_DA_)
VALUES (108, 'Working Folders', 'Working_Folders', 'Working Folders', NULL, 72, SYSDATE);

-- Level 2 under Studies (101): more studies
INSERT INTO DESIGN1.COLLECTION_ (OBJECT_ID, CAPTION_S_, NAME_, NAME1_S_, EXTERNALID_S_, CLASS_ID, MODIFICATIONDATE_DA_)
VALUES (109, 'Weld Study A', 'Weld_Study_A', 'Weld Study A', NULL, 177, SYSDATE);
INSERT INTO DESIGN1.COLLECTION_ (OBJECT_ID, CAPTION_S_, NAME_, NAME1_S_, EXTERNALID_S_, CLASS_ID, MODIFICATIONDATE_DA_)
VALUES (110, 'Spot Study B', 'Spot_Study_B', 'Spot Study B', NULL, 177, SYSDATE);
INSERT INTO DESIGN1.COLLECTION_ (OBJECT_ID, CAPTION_S_, NAME_, NAME1_S_, EXTERNALID_S_, CLASS_ID, MODIFICATIONDATE_DA_)
VALUES (111, 'Process Study', 'Process_Study', 'Process Study', NULL, 177, SYSDATE);

-- Level 2 under DES_Studies (107)
INSERT INTO DESIGN1.COLLECTION_ (OBJECT_ID, CAPTION_S_, NAME_, NAME1_S_, EXTERNALID_S_, CLASS_ID, MODIFICATIONDATE_DA_)
VALUES (112, 'Layout Studies', 'Layout_Studies', 'Layout Studies', NULL, 72, SYSDATE);
INSERT INTO DESIGN1.COLLECTION_ (OBJECT_ID, CAPTION_S_, NAME_, NAME1_S_, EXTERNALID_S_, CLASS_ID, MODIFICATIONDATE_DA_)
VALUES (113, 'Robot Studies', 'Robot_Studies', 'Robot Studies', NULL, 72, SYSDATE);

-- Level 3 under Layout Studies (112)
INSERT INTO DESIGN1.COLLECTION_ (OBJECT_ID, CAPTION_S_, NAME_, NAME1_S_, EXTERNALID_S_, CLASS_ID, MODIFICATIONDATE_DA_)
VALUES (114, 'Line 1 Layout', 'Line_1_Layout', 'Line 1 Layout', NULL, 177, SYSDATE);
INSERT INTO DESIGN1.COLLECTION_ (OBJECT_ID, CAPTION_S_, NAME_, NAME1_S_, EXTERNALID_S_, CLASS_ID, MODIFICATIONDATE_DA_)
VALUES (115, 'Line 2 Layout', 'Line_2_Layout', 'Line 2 Layout', NULL, 177, SYSDATE);

-- Level 2 under Resources (102)
INSERT INTO DESIGN1.COLLECTION_ (OBJECT_ID, CAPTION_S_, NAME_, NAME1_S_, EXTERNALID_S_, CLASS_ID, MODIFICATIONDATE_DA_)
VALUES (116, 'Robots', 'Robots', 'Robots', NULL, 18, SYSDATE);
INSERT INTO DESIGN1.COLLECTION_ (OBJECT_ID, CAPTION_S_, NAME_, NAME1_S_, EXTERNALID_S_, CLASS_ID, MODIFICATIONDATE_DA_)
VALUES (117, 'Fixtures', 'Fixtures', 'Fixtures', NULL, 18, SYSDATE);

-- Level 2 under Part Library (104)
INSERT INTO DESIGN1.COLLECTION_ (OBJECT_ID, CAPTION_S_, NAME_, NAME1_S_, EXTERNALID_S_, CLASS_ID, MODIFICATIONDATE_DA_)
VALUES (118, 'Body Panels', 'Body_Panels', 'Body Panels', NULL, 18, SYSDATE);
INSERT INTO DESIGN1.COLLECTION_ (OBJECT_ID, CAPTION_S_, NAME_, NAME1_S_, EXTERNALID_S_, CLASS_ID, MODIFICATIONDATE_DA_)
VALUES (119, 'Clamps', 'Clamps', 'Clamps', NULL, 18, SYSDATE);

COMMIT;

-- ========== REL_COMMON: parent-child edges (OBJECT_ID=child, FORWARD_OBJECT_ID=parent, PROJECT_ID=100, SEQ_NUMBER=order) ==========
-- New Level 1 under root 100
INSERT INTO DESIGN1.REL_COMMON (REL_COMMON_ID, OBJECT_ID, FORWARD_OBJECT_ID, PROJECT_ID, SEQ_NUMBER) VALUES (4, 104, 100, 100, 3);
INSERT INTO DESIGN1.REL_COMMON (REL_COMMON_ID, OBJECT_ID, FORWARD_OBJECT_ID, PROJECT_ID, SEQ_NUMBER) VALUES (5, 105, 100, 100, 4);
INSERT INTO DESIGN1.REL_COMMON (REL_COMMON_ID, OBJECT_ID, FORWARD_OBJECT_ID, PROJECT_ID, SEQ_NUMBER) VALUES (6, 106, 100, 100, 5);
INSERT INTO DESIGN1.REL_COMMON (REL_COMMON_ID, OBJECT_ID, FORWARD_OBJECT_ID, PROJECT_ID, SEQ_NUMBER) VALUES (7, 107, 100, 100, 6);
INSERT INTO DESIGN1.REL_COMMON (REL_COMMON_ID, OBJECT_ID, FORWARD_OBJECT_ID, PROJECT_ID, SEQ_NUMBER) VALUES (8, 108, 100, 100, 7);

-- Level 2 under Studies (101)
INSERT INTO DESIGN1.REL_COMMON (REL_COMMON_ID, OBJECT_ID, FORWARD_OBJECT_ID, PROJECT_ID, SEQ_NUMBER) VALUES (9, 109, 101, 100, 2);
INSERT INTO DESIGN1.REL_COMMON (REL_COMMON_ID, OBJECT_ID, FORWARD_OBJECT_ID, PROJECT_ID, SEQ_NUMBER) VALUES (10, 110, 101, 100, 3);
INSERT INTO DESIGN1.REL_COMMON (REL_COMMON_ID, OBJECT_ID, FORWARD_OBJECT_ID, PROJECT_ID, SEQ_NUMBER) VALUES (11, 111, 101, 100, 4);

-- Level 2 under DES_Studies (107)
INSERT INTO DESIGN1.REL_COMMON (REL_COMMON_ID, OBJECT_ID, FORWARD_OBJECT_ID, PROJECT_ID, SEQ_NUMBER) VALUES (12, 112, 107, 100, 1);
INSERT INTO DESIGN1.REL_COMMON (REL_COMMON_ID, OBJECT_ID, FORWARD_OBJECT_ID, PROJECT_ID, SEQ_NUMBER) VALUES (13, 113, 107, 100, 2);

-- Level 3 under Layout Studies (112)
INSERT INTO DESIGN1.REL_COMMON (REL_COMMON_ID, OBJECT_ID, FORWARD_OBJECT_ID, PROJECT_ID, SEQ_NUMBER) VALUES (14, 114, 112, 100, 1);
INSERT INTO DESIGN1.REL_COMMON (REL_COMMON_ID, OBJECT_ID, FORWARD_OBJECT_ID, PROJECT_ID, SEQ_NUMBER) VALUES (15, 115, 112, 100, 2);

-- Level 2 under Resources (102)
INSERT INTO DESIGN1.REL_COMMON (REL_COMMON_ID, OBJECT_ID, FORWARD_OBJECT_ID, PROJECT_ID, SEQ_NUMBER) VALUES (16, 116, 102, 100, 1);
INSERT INTO DESIGN1.REL_COMMON (REL_COMMON_ID, OBJECT_ID, FORWARD_OBJECT_ID, PROJECT_ID, SEQ_NUMBER) VALUES (17, 117, 102, 100, 2);

-- Level 2 under Part Library (104)
INSERT INTO DESIGN1.REL_COMMON (REL_COMMON_ID, OBJECT_ID, FORWARD_OBJECT_ID, PROJECT_ID, SEQ_NUMBER) VALUES (18, 118, 104, 100, 1);
INSERT INTO DESIGN1.REL_COMMON (REL_COMMON_ID, OBJECT_ID, FORWARD_OBJECT_ID, PROJECT_ID, SEQ_NUMBER) VALUES (19, 119, 104, 100, 2);

COMMIT;

-- ========== Second project (200) for launcher dropdown ==========
INSERT INTO DESIGN1.COLLECTION_ (OBJECT_ID, CAPTION_S_, NAME_, NAME1_S_, EXTERNALID_S_, CLASS_ID, MODIFICATIONDATE_DA_)
VALUES (200, 'Second Project', 'Second_Project', 'Second Project', 'PROJ2', 64, SYSDATE);
INSERT INTO DESIGN1.COLLECTION_ (OBJECT_ID, CAPTION_S_, NAME_, NAME1_S_, EXTERNALID_S_, CLASS_ID, MODIFICATIONDATE_DA_)
VALUES (201, 'Studies', 'Studies', 'Studies', NULL, 72, SYSDATE);
INSERT INTO DESIGN1.REL_COMMON (REL_COMMON_ID, OBJECT_ID, FORWARD_OBJECT_ID, PROJECT_ID, SEQ_NUMBER) VALUES (20, 201, 200, 200, 1);
INSERT INTO DESIGN1.DFPROJECT (PROJECTID) VALUES (200);
COMMIT;

PROMPT Extended seed loaded. DESIGN1 now has many nodes; projects 100 and 200 in launcher.
EXIT;
